Reporting Date,Fund Name (Short),Fund Name (Long),MC2025Q1FundID,Invested By,Fund Family,Commitment,Remaining,Called,Distributed,Adjusted NAV
12/31/2024,SOVEREIGN 2019,Sovereign Catalyst Partners Fund (2019),MC-A-2,Carried Interest,Abu Dhabi Catalyst Partners,20000,0,20000,3717004.74,23459910.34
12/31/2024,SOVEREIGN 2019,Sovereign Catalyst Partners Fund (2019),MC-A-2,MIC,Abu Dhabi Catalyst Partners,2500000000,1078065071,1951809221,531986096,1603870985
12/31/2024,SOVEREIGN 2019,Sovereign Catalyst Partners Fund (2019),MC-A-2,Third Party,Abu Dhabi Catalyst Partners,760000,599171.7,270395.34,2728695.22,16709358.74
3/31/2025,SOVEREIGN 2019,Sovereign Catalyst Partners Fund (2019),MC-A-2,Carried Interest,Abu Dhabi Catalyst Partners,20000,0,20000,4182202.16,27642490.52
3/31/2025,SOVEREIGN 2019,Sovereign Catalyst Partners Fund (2019),MC-A-2,MIC,Abu Dhabi Catalyst Partners,2500000000,1024545075,2067095798,594016994.8,1720557300
3/31/2025,SOVEREIGN 2019,Sovereign Catalyst Partners Fund (2019),MC-A-2,Third Party,Abu Dhabi Catalyst Partners,760000,603200.7,270395.34,3060476.94,19667042.28
6/30/2025,SOVEREIGN 2019,Sovereign Catalyst Partners Fund (2019),MC-A-2,Carried Interest,Abu Dhabi Catalyst Partners,20000,0,20000,4230917.18,35678011.82
6/30/2025,SOVEREIGN 2019,Sovereign Catalyst Partners Fund (2019),MC-A-2,MIC,Abu Dhabi Catalyst Partners,2500000000,1006930108,2153197646,662531554.4,1838687014
6/30/2025,SOVEREIGN 2019,Sovereign Catalyst Partners Fund (2019),MC-A-2,Third Party,Abu Dhabi Catalyst Partners,760000,611592.08,271607.1,3104401.96,25330958.54
9/30/2025,SOVEREIGN 2019,Sovereign Catalyst Partners Fund (2019),MC-A-2,Carried Interest,Abu Dhabi Catalyst Partners,20000,0,20000,5264228.94,36681636.1
9/30/2025,SOVEREIGN 2019,Sovereign Catalyst Partners Fund (2019),MC-A-2,MIC,Abu Dhabi Catalyst Partners,2500000000,1054203579,2235089850,792284337.8,1812616817
9/30/2025,SOVEREIGN 2019,Sovereign Catalyst Partners Fund (2019),MC-A-2,Third Party,Abu Dhabi Catalyst Partners,760000,615028.72,273438.82,3837685.44,26036264.84
12/31/2025,SOVEREIGN 2019,Sovereign Catalyst Partners Fund (2019),MC-A-2,Carried Interest,Abu Dhabi Catalyst Partners,20000,0,20000,5324508.94,50985606.68
12/31/2025,SOVEREIGN 2019,Sovereign Catalyst Partners Fund (2019),MC-A-2,MIC,Abu Dhabi Catalyst Partners,2500000000,994090084.6,2336414496,833529738.4,2007907138
12/31/2025,SOVEREIGN 2019,Sovereign Catalyst Partners Fund (2019),MC-A-2,Third Party,Abu Dhabi Catalyst Partners,760000,610977.48,278098.82,3880764.2,36137726.48
3/31/2026,SOVEREIGN 2019,Sovereign Catalyst Partners Fund (2019),MC-A-2,Carried Interest,Abu Dhabi Catalyst Partners,20000,0,20000,5384788.94,50925326.68
3/31/2026,SOVEREIGN 2019,Sovereign Catalyst Partners Fund (2019),MC-A-2,MIC,Abu Dhabi Catalyst Partners,2500000000,924014457.6,2406490122,871584022.8,2018859052
3/31/2026,SOVEREIGN 2019,Sovereign Catalyst Partners Fund (2019),MC-A-2,Third Party,Abu Dhabi Catalyst Partners,760000,602481.7,286594.6,3927789.3,36099062.48
12/31/2024,SOVEREIGN 2023,Sovereign Catalyst Partners Fund (2023),MC-A-3,Carried Interest,Abu Dhabi Catalyst Partners,20000,20000,0,0,50111139.5
12/31/2024,SOVEREIGN 2023,Sovereign Catalyst Partners Fund (2023),MC-A-3,MIC,Abu Dhabi Catalyst Partners,800000000,365063405,450791457,13455588.96,967082603.2
12/31/2024,SOVEREIGN 2023,Sovereign Catalyst Partners Fund (2023),MC-A-3,Third Party,Abu Dhabi Catalyst Partners,240000,143148.24,100941.54,3362.72,35564328.68
3/31/2025,SOVEREIGN 2023,Sovereign Catalyst Partners Fund (2023),MC-A-3,Carried Interest,Abu Dhabi Catalyst Partners,20000,20000,0,0,49187442.04
3/31/2025,SOVEREIGN 2023,Sovereign Catalyst Partners Fund (2023),MC-A-3,MIC,Abu Dhabi Catalyst Partners,800000000,355652273,462286809,15539808.96,941150149.2
3/31/2025,SOVEREIGN 2023,Sovereign Catalyst Partners Fund (2023),MC-A-3,Third Party,Abu Dhabi Catalyst Partners,240000,143148.24,100941.54,3362.72,34913462.2
6/30/2025,SOVEREIGN 2023,Sovereign Catalyst Partners Fund (2023),MC-A-3,Carried Interest,Abu Dhabi Catalyst Partners,20000,20000,0,0,49275450.48
6/30/2025,SOVEREIGN 2023,Sovereign Catalyst Partners Fund (2023),MC-A-3,MIC,Abu Dhabi Catalyst Partners,800000000,347317222.8,470621859,15539808.96,951296037.2
6/30/2025,SOVEREIGN 2023,Sovereign Catalyst Partners Fund (2023),MC-A-3,Third Party,Abu Dhabi Catalyst Partners,240000,142542.36,101547.42,3362.72,34977406.48
9/30/2025,SOVEREIGN 2023,Sovereign Catalyst Partners Fund (2023),MC-A-3,Carried Interest,Abu Dhabi Catalyst Partners,20000,20000,0,0,57400085.42
9/30/2025,SOVEREIGN 2023,Sovereign Catalyst Partners Fund (2023),MC-A-3,MIC,Abu Dhabi Catalyst Partners,800000000,339724828.8,479489949,16815504.96,1040694935
9/30/2025,SOVEREIGN 2023,Sovereign Catalyst Partners Fund (2023),MC-A-3,Third Party,Abu Dhabi Catalyst Partners,240000,142542.36,101547.42,3362.72,40733134.28
12/31/2025,SOVEREIGN 2023,Sovereign Catalyst Partners Fund (2023),MC-A-3,Carried Interest,Abu Dhabi Catalyst Partners,20000,20000,0,0,92356469.96
12/31/2025,SOVEREIGN 2023,Sovereign Catalyst Partners Fund (2023),MC-A-3,MIC,Abu Dhabi Catalyst Partners,800000000,297357758.8,521857019,16815504.96,1539988164
12/31/2025,SOVEREIGN 2023,Sovereign Catalyst Partners Fund (2023),MC-A-3,Third Party,Abu Dhabi Catalyst Partners,240000,142542.36,101547.42,3362.72,65494622.44
3/31/2026,SOVEREIGN 2023,Sovereign Catalyst Partners Fund (2023),MC-A-3,Carried Interest,Abu Dhabi Catalyst Partners,20000,20000,0,0,92356469.96
3/31/2026,SOVEREIGN 2023,Sovereign Catalyst Partners Fund (2023),MC-A-3,MIC,Abu Dhabi Catalyst Partners,800000000,297357758.8,521857019,16815504.96,1539988164
3/31/2026,SOVEREIGN 2023,Sovereign Catalyst Partners Fund (2023),MC-A-3,Third Party,Abu Dhabi Catalyst Partners,240000,142542.36,101547.42,3362.72,65494622.44
12/31/2024,LATAM OPPS I,LatAm Special Opportunities Fund I,MC-BSOF-1,Carried Interest,Brazil Funds - MF,0,0,0,53909628.56,150389268.8
12/31/2024,LATAM OPPS I,LatAm Special Opportunities Fund I,MC-BSOF-1,MC,Brazil Funds - MF,26400,659.9,244551835.6,110608265.6,39413.46
12/31/2024,LATAM OPPS I,LatAm Special Opportunities Fund I,MC-BSOF-1,Solutions,Brazil Funds - MF,17373600,453370.68,599619.66,2503837.66,26037727.02
12/31/2024,LATAM OPPS I,LatAm Special Opportunities Fund I,MC-BSOF-1,Third Party,Brazil Funds - MF,300152599.6,8622462.76,377615642.2,199892784.6,450388611.6
3/31/2025,LATAM OPPS I,LatAm Special Opportunities Fund I,MC-BSOF-1,Carried Interest,Brazil Funds - MF,0,0,0,55772878.36,169296204.2
3/31/2025,LATAM OPPS I,LatAm Special Opportunities Fund I,MC-BSOF-1,MC,Brazil Funds - MF,26400,659.9,244551835.6,110608265.6,42621.72
3/31/2025,LATAM OPPS I,LatAm Special Opportunities Fund I,MC-BSOF-1,Solutions,Brazil Funds - MF,17373600,453370.68,599619.66,2503837.66,28149071.9
3/31/2025,LATAM OPPS I,LatAm Special Opportunities Fund I,MC-BSOF-1,Third Party,Brazil Funds - MF,300152599.6,8622462.76,377615642.2,199892784.6,487097694.4
6/30/2025,LATAM OPPS I,LatAm Special Opportunities Fund I,MC-BSOF-1,Carried Interest,Brazil Funds - MF,0,0,0,58479767.74,193325573.1
6/30/2025,LATAM OPPS I,LatAm Special Opportunities Fund I,MC-BSOF-1,MC,Brazil Funds - MF,26400,602.66,244551892.8,110608265.6,46902.42
6/30/2025,LATAM OPPS I,LatAm Special Opportunities Fund I,MC-BSOF-1,Solutions,Brazil Funds - MF,17373600,415707.2,637283.14,2503837.66,30966174.78
6/30/2025,LATAM OPPS I,LatAm Special Opportunities Fund I,MC-BSOF-1,Third Party,Brazil Funds - MF,300152599.6,7997117.04,378240988,199903904.6,536058379.6
9/30/2025,LATAM OPPS I,LatAm Special Opportunities Fund I,MC-BSOF-1,Carried Interest,Brazil Funds - MF,0,0,0,60812889.12,202016769.6
9/30/2025,LATAM OPPS I,LatAm Special Opportunities Fund I,MC-BSOF-1,MC,Brazil Funds - MF,26400,483.38,244552012.2,110608491.2,48345.36
9/30/2025,LATAM OPPS I,LatAm Special Opportunities Fund I,MC-BSOF-1,Solutions,Brazil Funds - MF,17373600,337207.38,715782.96,2652264.7,31915768.74
9/30/2025,LATAM OPPS I,LatAm Special Opportunities Fund I,MC-BSOF-1,Third Party,Brazil Funds - MF,300152599.6,6666552.8,379571552.2,202473984.2,552546785.4
12/31/2025,LATAM OPPS I,LatAm Special Opportunities Fund I,MC-BSOF-1,Carried Interest,Brazil Funds - MF,0,0,0,70357695.2,187019310.3
12/31/2025,LATAM OPPS I,LatAm Special Opportunities Fund I,MC-BSOF-1,MC,Brazil Funds - MF,26400,307.3,244552188.2,110608822.2,46947.26
12/31/2025,LATAM OPPS I,LatAm Special Opportunities Fund I,MC-BSOF-1,Solutions,Brazil Funds - MF,17373600,221326.34,831664,2881121.38,30984705.44
12/31/2025,LATAM OPPS I,LatAm Special Opportunities Fund I,MC-BSOF-1,Third Party,Brazil Funds - MF,300152599.6,4715270.98,381622834,206339644.8,536542821.6
3/31/2026,LATAM OPPS I,LatAm Special Opportunities Fund I,MC-BSOF-1,Carried Interest,Brazil Funds - MF,0,0,0,70357695.2,187019310.3
3/31/2026,LATAM OPPS I,LatAm Special Opportunities Fund I,MC-BSOF-1,MC,Brazil Funds - MF,26400,307.3,244552188.2,110608822.2,46947.26
3/31/2026,LATAM OPPS I,LatAm Special Opportunities Fund I,MC-BSOF-1,Solutions,Brazil Funds - MF,17373600,221326.34,831664,2881121.38,30984705.44
3/31/2026,LATAM OPPS I,LatAm Special Opportunities Fund I,MC-BSOF-1,Third Party,Brazil Funds - MF,300152599.6,4715270.98,381622834,206339644.8,536542821.6
12/31/2024,LATAM OPPS II,LatAm Special Opportunities Fund II,MC-BSOF-2,Carried Interest,Brazil Funds - MF,0,0,0,0,201130553.8
12/31/2024,LATAM OPPS II,LatAm Special Opportunities Fund II,MC-BSOF-2,MC,Brazil Funds - MF,297367985,28797400.68,524283911,8377171.58,466561895.4
12/31/2024,LATAM OPPS II,LatAm Special Opportunities Fund II,MC-BSOF-2,Solutions,Brazil Funds - MF,300000000,29052287.32,161463880.6,5617638.18,470691476.4
12/31/2024,LATAM OPPS II,LatAm Special Opportunities Fund II,MC-BSOF-2,Third Party,Brazil Funds - MF,759601200.4,77915857.14,559992978.8,11415063.22,1187874867
3/31/2025,LATAM OPPS II,LatAm Special Opportunities Fund II,MC-BSOF-2,Carried Interest,Brazil Funds - MF,0,0,0,0,217857864.4
3/31/2025,LATAM OPPS II,LatAm Special Opportunities Fund II,MC-BSOF-2,MC,Brazil Funds - MF,297367985,15207833.12,537873478.4,8377171.58,501912277
3/31/2025,LATAM OPPS II,LatAm Special Opportunities Fund II,MC-BSOF-2,Solutions,Brazil Funds - MF,300000000,15342437.98,175173729.9,5617638.18,506354745.6
3/31/2025,LATAM OPPS II,LatAm Special Opportunities Fund II,MC-BSOF-2,Third Party,Brazil Funds - MF,759601200.4,43767253.28,594141582.8,11415063.22,1274161865
6/30/2025,LATAM OPPS II,LatAm Special Opportunities Fund II,MC-BSOF-2,Carried Interest,Brazil Funds - MF,0,0,0,0,238771853.8
6/30/2025,LATAM OPPS II,LatAm Special Opportunities Fund II,MC-BSOF-2,MC,Brazil Funds - MF,297367985,13848086.32,539233225.2,8377171.58,522488288.2
6/30/2025,LATAM OPPS II,LatAm Special Opportunities Fund II,MC-BSOF-2,Solutions,Brazil Funds - MF,300000000,13970656.08,176545511.8,5617638.18,527112875.8
6/30/2025,LATAM OPPS II,LatAm Special Opportunities Fund II,MC-BSOF-2,Third Party,Brazil Funds - MF,759601200.4,40892945.72,597015890.2,11415063.22,1329440305
9/30/2025,LATAM OPPS II,LatAm Special Opportunities Fund II,MC-BSOF-2,Carried Interest,Brazil Funds - MF,0,0,0,0,242546697.6
9/30/2025,LATAM OPPS II,LatAm Special Opportunities Fund II,MC-BSOF-2,MC,Brazil Funds - MF,297367985,9678452.3,543402859.4,8377171.58,535621765.8
9/30/2025,LATAM OPPS II,LatAm Special Opportunities Fund II,MC-BSOF-2,Solutions,Brazil Funds - MF,300000000,9764116.32,180752051.6,5617638.18,540362597.8
9/30/2025,LATAM OPPS II,LatAm Special Opportunities Fund II,MC-BSOF-2,Third Party,Brazil Funds - MF,759601200.4,30847605.26,607061230.8,11415063.22,1368280481
12/31/2025,LATAM OPPS II,LatAm Special Opportunities Fund II,MC-BSOF-2,Carried Interest,Brazil Funds - MF,0,0,0,0,222879336.6
12/31/2025,LATAM OPPS II,LatAm Special Opportunities Fund II,MC-BSOF-2,MC,Brazil Funds - MF,297367985,8532635.34,544548676.2,8377171.58,535162439.4
12/31/2025,LATAM OPPS II,LatAm Special Opportunities Fund II,MC-BSOF-2,Solutions,Brazil Funds - MF,300000000,8608157.68,181908010.2,5617638.18,539899206
12/31/2025,LATAM OPPS II,LatAm Special Opportunities Fund II,MC-BSOF-2,Third Party,Brazil Funds - MF,759601200.4,28425514.5,609483321.6,11415063.22,1379411802
3/31/2026,LATAM OPPS II,LatAm Special Opportunities Fund II,MC-BSOF-2,Carried Interest,Brazil Funds - MF,0,0,0,0,222879336.6
3/31/2026,LATAM OPPS II,LatAm Special Opportunities Fund II,MC-BSOF-2,MC,Brazil Funds - MF,297367985,7208321.02,545872990.6,8377171.58,535218201.4
3/31/2026,LATAM OPPS II,LatAm Special Opportunities Fund II,MC-BSOF-2,Solutions,Brazil Funds - MF,300000000,7272121.88,183244046,5617638.18,539955461.6
3/31/2026,LATAM OPPS II,LatAm Special Opportunities Fund II,MC-BSOF-2,Third Party,Brazil Funds - MF,759601200.4,25626106.02,612282730,11415063.22,1379554241
12/31/2024,LATAM OPPS III,LatAm Special Opportunities Fund III,MC-BSOF-3,Carried Interest,Brazil Funds - MF,0,0,0,6700000,56990608.74
12/31/2024,LATAM OPPS III,LatAm Special Opportunities Fund III,MC-BSOF-3,MC,Brazil Funds - MF,500000000,123720369.5,396739261.8,15824598.36,152253002.9
12/31/2024,LATAM OPPS III,LatAm Special Opportunities Fund III,MC-BSOF-3,Solutions,Brazil Funds - MF,150000000,31635865.96,119021778.6,4747379.52,565834680.8
12/31/2024,LATAM OPPS III,LatAm Special Opportunities Fund III,MC-BSOF-3,Third Party,Brazil Funds - MF,0,0,0,0,0
3/31/2025,LATAM OPPS III,LatAm Special Opportunities Fund III,MC-BSOF-3,Carried Interest,Brazil Funds - MF,0,0,0,10004109.58,69205670.3
3/31/2025,LATAM OPPS III,LatAm Special Opportunities Fund III,MC-BSOF-3,MC,Brazil Funds - MF,500000000,123720369.5,396739261.8,15824598.36,602297551
3/31/2025,LATAM OPPS III,LatAm Special Opportunities Fund III,MC-BSOF-3,Solutions,Brazil Funds - MF,150000000,31635865.96,119021778.6,4747379.52,163191864
3/31/2025,LATAM OPPS III,LatAm Special Opportunities Fund III,MC-BSOF-3,Third Party,Brazil Funds - MF,0,0,0,0,0
6/30/2025,LATAM OPPS III,LatAm Special Opportunities Fund III,MC-BSOF-3,Carried Interest,Brazil Funds - MF,0,0,0,26891032.86,85346471.8
6/30/2025,LATAM OPPS III,LatAm Special Opportunities Fund III,MC-BSOF-3,MC,Brazil Funds - MF,500000000,304730668,193070018.2,8080686.78,322642620.4
6/30/2025,LATAM OPPS III,LatAm Special Opportunities Fund III,MC-BSOF-3,Solutions,Brazil Funds - MF,150000000,91419200.4,57921005.48,2424205.98,96792786.14
6/30/2025,LATAM OPPS III,LatAm Special Opportunities Fund III,MC-BSOF-3,Third Party,Brazil Funds - MF,677670000,413164441.6,289232837,10952077.72,437772556.6
9/30/2025,LATAM OPPS III,LatAm Special Opportunities Fund III,MC-BSOF-3,Carried Interest,Brazil Funds - MF,0,0,0,33646605.46,85578227.46
9/30/2025,LATAM OPPS III,LatAm Special Opportunities Fund III,MC-BSOF-3,MC,Brazil Funds - MF,500000000,301579422.4,196332587.6,8192010.64,326139744.2
9/30/2025,LATAM OPPS III,LatAm Special Opportunities Fund III,MC-BSOF-3,Solutions,Brazil Funds - MF,150000000,90473826.74,58899776.28,2457603.12,97841923.14
9/30/2025,LATAM OPPS III,LatAm Special Opportunities Fund III,MC-BSOF-3,Third Party,Brazil Funds - MF,677670000,408931593.6,293616566.6,11102959.34,442513657
12/31/2025,LATAM OPPS III,LatAm Special Opportunities Fund III,MC-BSOF-3,Carried Interest,Brazil Funds - MF,0,0,0,41962178.1,95256638.16
12/31/2025,LATAM OPPS III,LatAm Special Opportunities Fund III,MC-BSOF-3,MC,Brazil Funds - MF,500000000,178931707.9,315169836.2,7104968.88,445968693
12/31/2025,LATAM OPPS III,LatAm Special Opportunities Fund III,MC-BSOF-3,Solutions,Brazil Funds - MF,150000000,53679512.38,94550950.82,2131490.58,133790607.8
12/31/2025,LATAM OPPS III,LatAm Special Opportunities Fund III,MC-BSOF-3,Third Party,Brazil Funds - MF,865320000,310062970.8,584279675.6,12296143.06,775799028.4
3/31/2026,LATAM OPPS III,LatAm Special Opportunities Fund III,MC-BSOF-3,Carried Interest,Brazil Funds - MF,0,0,0,41962178.1,95256638.16
3/31/2026,LATAM OPPS III,LatAm Special Opportunities Fund III,MC-BSOF-3,MC,Brazil Funds - MF,500000000,240803787.8,258813331.4,12620543.86,379137709.2
3/31/2026,LATAM OPPS III,LatAm Special Opportunities Fund III,MC-BSOF-3,Solutions,Brazil Funds - MF,150000000,72241136.46,77643999.36,3786163.2,113741312.5
3/31/2026,LATAM OPPS III,LatAm Special Opportunities Fund III,MC-BSOF-3,Third Party,Brazil Funds - MF,865320000,417575056.4,486366425.6,21894978.54,660085293.6
12/31/2024,ZENITH Co-I,Zenith Capital Co-Investment Fund,MC-Co-A-1,MC,Private Equity - MF,0,0,0,0,0
12/31/2024,ZENITH Co-I,Zenith Capital Co-Investment Fund,MC-Co-A-1,Third Party,Private Equity - MF,40000000,0,41000000,0,43444154
3/31/2025,ZENITH Co-I,Zenith Capital Co-Investment Fund,MC-Co-A-1,MC,Private Equity - MF,0,0,0,0,0
3/31/2025,ZENITH Co-I,Zenith Capital Co-Investment Fund,MC-Co-A-1,Third Party,Private Equity - MF,40000000,0,41000000,0,44032910
6/30/2025,ZENITH Co-I,Zenith Capital Co-Investment Fund,MC-Co-A-1,MC,Private Equity - MF,0,0,0,0,0
6/30/2025,ZENITH Co-I,Zenith Capital Co-Investment Fund,MC-Co-A-1,Third Party,Private Equity - MF,40000000,0,41000000,0,44583302.38
9/30/2025,ZENITH Co-I,Zenith Capital Co-Investment Fund,MC-Co-A-1,MC,Private Equity - MF,0,0,0,0,0
9/30/2025,ZENITH Co-I,Zenith Capital Co-Investment Fund,MC-Co-A-1,Third Party,Private Equity - MF,40000000,0,41000000,0,45235348.16
12/31/2025,ZENITH Co-I,Zenith Capital Co-Investment Fund,MC-Co-A-1,MC,Private Equity - MF,0,0,0,0,0
12/31/2025,ZENITH Co-I,Zenith Capital Co-Investment Fund,MC-Co-A-1,Third Party,Private Equity - MF,40000000,0,41000000,0,45873505.58
3/31/2026,ZENITH Co-I,Zenith Capital Co-Investment Fund,MC-Co-A-1,MC,Private Equity - MF,0,0,0,0,0
3/31/2026,ZENITH Co-I,Zenith Capital Co-Investment Fund,MC-Co-A-1,Third Party,Private Equity - MF,40000000,0,41400000,0,45873505.58
12/31/2024,BLUEWAVE,BlueWave Capital Investments Fund,MC-Co-A-2,MC,Private Equity - MF,910000000,0,910000000,10046042.46,1010676057
12/31/2024,BLUEWAVE,BlueWave Capital Investments Fund,MC-Co-A-2,Solutions,Private Equity - MF,120000000,0,120000000,0,120587420.5
3/31/2025,BLUEWAVE,BlueWave Capital Investments Fund,MC-Co-A-2,MC,Private Equity - MF,910000000,0,910000000,10046042.46,1039382528
3/31/2025,BLUEWAVE,BlueWave Capital Investments Fund,MC-Co-A-2,Solutions,Private Equity - MF,120000000,0,120000000,0,124372888
6/30/2025,BLUEWAVE,BlueWave Capital Investments Fund,MC-Co-A-2,MC,Private Equity - MF,910000000,0,910000000,10046042.46,1054434161
6/30/2025,BLUEWAVE,BlueWave Capital Investments Fund,MC-Co-A-2,Solutions,Private Equity - MF,120000000,0,120000000,0,126357719.8
9/30/2025,BLUEWAVE,BlueWave Capital Investments Fund,MC-Co-A-2,MC,Private Equity - MF,910000000,0,910000000,10046042.46,1065610040
9/30/2025,BLUEWAVE,BlueWave Capital Investments Fund,MC-Co-A-2,Solutions,Private Equity - MF,120000000,0,120000000,0,127831462.1
12/31/2025,BLUEWAVE,BlueWave Capital Investments Fund,MC-Co-A-2,MC,Private Equity - MF,910000000,0,910000000,10046042.46,1136090941
12/31/2025,BLUEWAVE,BlueWave Capital Investments Fund,MC-Co-A-2,Solutions,Private Equity - MF,120000000,0,120000000,0,137125646.8
3/31/2026,BLUEWAVE,BlueWave Capital Investments Fund,MC-Co-A-2,MC,Private Equity - MF,910000000,0,910000000,10046042.46,1136090941
3/31/2026,BLUEWAVE,BlueWave Capital Investments Fund,MC-Co-A-2,Solutions,Private Equity - MF,120000000,0,120000000,0,137125646.8
12/31/2024,MERIDIAN,Meridian Financial Investments Fund,MC-Co-F-1,Carried Interest,Private Equity - MF,0,0,0,0,3452075
12/31/2024,MERIDIAN,Meridian Financial Investments Fund,MC-Co-F-1,MC,Private Equity - MF,0.78,0,0.78,0.04,0
12/31/2024,MERIDIAN,Meridian Financial Investments Fund,MC-Co-F-1,MIC,Private Equity - MF,1809800000,0,1809800000,100763635.1,3330543026
12/31/2024,MERIDIAN,Meridian Financial Investments Fund,MC-Co-F-1,Solutions,Private Equity - MF,170000000,0,170000000,9465033.7,297792721.2
12/31/2024,MERIDIAN,Meridian Financial Investments Fund,MC-Co-F-1,Third Party,Private Equity - MF,507428669.2,0,507428669.2,28251937.84,946451277.8
3/31/2025,MERIDIAN,Meridian Financial Investments Fund,MC-Co-F-1,Carried Interest,Private Equity - MF,0,0,0,0,3085836.94
3/31/2025,MERIDIAN,Meridian Financial Investments Fund,MC-Co-F-1,MC,Private Equity - MF,0.78,0,0.78,0.04,0
3/31/2025,MERIDIAN,Meridian Financial Investments Fund,MC-Co-F-1,MIC,Private Equity - MF,1809800000,0,1809800000,100763635.1,3288243214
3/31/2025,MERIDIAN,Meridian Financial Investments Fund,MC-Co-F-1,Solutions,Private Equity - MF,170000000,0,170000000,9465033.7,293735320.2
3/31/2025,MERIDIAN,Meridian Financial Investments Fund,MC-Co-F-1,Third Party,Private Equity - MF,507428669.2,0,507428669.2,28251937.84,934224163.6
6/30/2025,MERIDIAN,Meridian Financial Investments Fund,MC-Co-F-1,Carried Interest,Private Equity - MF,0,0,0,0,3460036.3
6/30/2025,MERIDIAN,Meridian Financial Investments Fund,MC-Co-F-1,MC,Private Equity - MF,0.78,0,0.78,0.1,-0.06
6/30/2025,MERIDIAN,Meridian Financial Investments Fund,MC-Co-F-1,MIC,Private Equity - MF,1809800000,0,1809800000,251901425.2,3203969000
6/30/2025,MERIDIAN,Meridian Financial Investments Fund,MC-Co-F-1,Solutions,Private Equity - MF,170000000,0,170000000,22532196.26,286561218
6/30/2025,MERIDIAN,Meridian Financial Investments Fund,MC-Co-F-1,Third Party,Private Equity - MF,507428669.2,0,507428669.2,67174681.3,913171416
9/30/2025,MERIDIAN,Meridian Financial Investments Fund,MC-Co-F-1,Carried Interest,Private Equity - MF,0,0,0,0,3567669.38
9/30/2025,MERIDIAN,Meridian Financial Investments Fund,MC-Co-F-1,MC,Private Equity - MF,0.78,0,0.78,0.12,-0.08
9/30/2025,MERIDIAN,Meridian Financial Investments Fund,MC-Co-F-1,MIC,Private Equity - MF,1809800000,0,1809800000,286630936.4,3206862462
9/30/2025,MERIDIAN,Meridian Financial Investments Fund,MC-Co-F-1,Solutions,Private Equity - MF,170000000,0,170000000,25638625.02,286832750.4
9/30/2025,MERIDIAN,Meridian Financial Investments Fund,MC-Co-F-1,Third Party,Private Equity - MF,507428669.2,0,507428669.2,77338741.44,912589839.4
12/31/2025,MERIDIAN,Meridian Financial Investments Fund,MC-Co-F-1,Carried Interest,Private Equity - MF,0,0,0,0,3512742.66
12/31/2025,MERIDIAN,Meridian Financial Investments Fund,MC-Co-F-1,MC,Private Equity - MF,0.78,0,0.78,0.12,0
12/31/2025,MERIDIAN,Meridian Financial Investments Fund,MC-Co-F-1,MIC,Private Equity - MF,1809800000,0,1809800000,307927525.6,3065757204
12/31/2025,MERIDIAN,Meridian Financial Investments Fund,MC-Co-F-1,Solutions,Private Equity - MF,170000000,0,170000000,27543493.3,274206169.6
12/31/2025,MERIDIAN,Meridian Financial Investments Fund,MC-Co-F-1,Third Party,Private Equity - MF,507428669.2,0,507428669.2,82633772.16,896957120
3/31/2026,MERIDIAN,Meridian Financial Investments Fund,MC-Co-F-1,Carried Interest,Private Equity - MF,0,0,0,0,3512742.66
3/31/2026,MERIDIAN,Meridian Financial Investments Fund,MC-Co-F-1,MC,Private Equity - MF,0.78,0,0.78,0.12,0
3/31/2026,MERIDIAN,Meridian Financial Investments Fund,MC-Co-F-1,MIC,Private Equity - MF,1809800000,0,1809800000,307927525.6,3065757204
3/31/2026,MERIDIAN,Meridian Financial Investments Fund,MC-Co-F-1,Solutions,Private Equity - MF,170000000,0,170000000,27543493.3,274206169.6
3/31/2026,MERIDIAN,Meridian Financial Investments Fund,MC-Co-F-1,Third Party,Private Equity - MF,507428669.2,0,507428669.2,82633772.16,896957120
12/31/2024,SUMMIT Co-I,Summit Strategic Co-Investment Fund,MC-Co-G-1,MC,Private Equity - MF,0,0,0,0,0
12/31/2024,SUMMIT Co-I,Summit Strategic Co-Investment Fund,MC-Co-G-1,Third Party,Private Equity - MF,364000000,0,365000000,0,585268881.2
3/31/2025,SUMMIT Co-I,Summit Strategic Co-Investment Fund,MC-Co-G-1,MC,Private Equity - MF,0,0,0,0,0
3/31/2025,SUMMIT Co-I,Summit Strategic Co-Investment Fund,MC-Co-G-1,Third Party,Private Equity - MF,364000000,0,365000000,0,613548469
6/30/2025,SUMMIT Co-I,Summit Strategic Co-Investment Fund,MC-Co-G-1,MC,Private Equity - MF,0,0,0,0,0
6/30/2025,SUMMIT Co-I,Summit Strategic Co-Investment Fund,MC-Co-G-1,Third Party,Private Equity - MF,364000000,0,365000000,0,656360189.4
9/30/2025,SUMMIT Co-I,Summit Strategic Co-Investment Fund,MC-Co-G-1,MC,Private Equity - MF,0,0,0,0,0
9/30/2025,SUMMIT Co-I,Summit Strategic Co-Investment Fund,MC-Co-G-1,Third Party,Private Equity - MF,364000000,0,365000000,167373304,507518237.2
12/31/2025,SUMMIT Co-I,Summit Strategic Co-Investment Fund,MC-Co-G-1,MC,Private Equity - MF,0,0,0,0,0
12/31/2025,SUMMIT Co-I,Summit Strategic Co-Investment Fund,MC-Co-G-1,Third Party,Private Equity - MF,364000000,0,365000000,167373304,524491840
3/31/2026,SUMMIT Co-I,Summit Strategic Co-Investment Fund,MC-Co-G-1,MC,Private Equity - MF,0,0,0,0,0
3/31/2026,SUMMIT Co-I,Summit Strategic Co-Investment Fund,MC-Co-G-1,Third Party,Private Equity - MF,364000000,0,365000000,167373304,524491840
12/31/2024,IRONCLAD Co-I,Ironclad Capital Co-Investment Fund,MC-Co-L-1,MC,Private Equity - MF,213018643,20556858.42,193000000,0,191991436.3
3/31/2025,IRONCLAD Co-I,Ironclad Capital Co-Investment Fund,MC-Co-L-1,MC,Private Equity - MF,213018643,20556858.42,193000000,0,200823716
6/30/2025,IRONCLAD Co-I,Ironclad Capital Co-Investment Fund,MC-Co-L-1,MC,Private Equity - MF,213018643,20556858.42,193000000,0,226687243.8
9/30/2025,IRONCLAD Co-I,Ironclad Capital Co-Investment Fund,MC-Co-L-1,MC,Private Equity - MF,213018643,0,213868092.8,0,261596440.4
12/31/2025,IRONCLAD Co-I,Ironclad Capital Co-Investment Fund,MC-Co-L-1,MC,Private Equity - MF,213018643,0,213868092.8,0,282339669
3/31/2026,IRONCLAD Co-I,Ironclad Capital Co-Investment Fund,MC-Co-L-1,MC,Private Equity - MF,213018643,0,213868092.8,0,282339669
12/31/2024,NEXUS Co-I,Nexus Growth Co-Investment Fund,MC-Co-M-1,MC,Private Equity - MF,137561730.5,0,138099539.1,0,160215270
12/31/2024,NEXUS Co-I,Nexus Growth Co-Investment Fund,MC-Co-M-1,Solutions,Private Equity - MF,50000000,0,50250000,0,58288475
12/31/2024,NEXUS Co-I,Nexus Growth Co-Investment Fund,MC-Co-M-1,Third Party,Private Equity - MF,70000000,0,70350000,0,81603865.08
3/31/2025,NEXUS Co-I,Nexus Growth Co-Investment Fund,MC-Co-M-1,MC,Private Equity - MF,125734858.5,0,126272667.1,0,141830557.4
3/31/2025,NEXUS Co-I,Nexus Growth Co-Investment Fund,MC-Co-M-1,Solutions,Private Equity - MF,50000000,0,50250000,0,56436784.72
3/31/2025,NEXUS Co-I,Nexus Growth Co-Investment Fund,MC-Co-M-1,Third Party,Private Equity - MF,81826872,0,82176872,0,92301776.84
6/30/2025,NEXUS Co-I,Nexus Growth Co-Investment Fund,MC-Co-M-1,MC,Private Equity - MF,125734858.5,0,126272667.1,0,133968564
6/30/2025,NEXUS Co-I,Nexus Growth Co-Investment Fund,MC-Co-M-1,Solutions,Private Equity - MF,50000000,0,50250000,0,53310367.16
6/30/2025,NEXUS Co-I,Nexus Growth Co-Investment Fund,MC-Co-M-1,Third Party,Private Equity - MF,81826872,0,82176872,0,87185277.42
9/30/2025,NEXUS Co-I,Nexus Growth Co-Investment Fund,MC-Co-M-1,MC,Private Equity - MF,125734858.5,0,126272667.1,0,146438320.6
9/30/2025,NEXUS Co-I,Nexus Growth Co-Investment Fund,MC-Co-M-1,Solutions,Private Equity - MF,50000000,0,50250000,0,58269117.88
9/30/2025,NEXUS Co-I,Nexus Growth Co-Investment Fund,MC-Co-M-1,Third Party,Private Equity - MF,81826872,0,82176872,0,95300458.68
12/31/2025,NEXUS Co-I,Nexus Growth Co-Investment Fund,MC-Co-M-1,MC,Private Equity - MF,125734858.5,0,126272667.1,0,156319677.7
12/31/2025,NEXUS Co-I,Nexus Growth Co-Investment Fund,MC-Co-M-1,Solutions,Private Equity - MF,50000000,0,50250000,0,62198560.1
12/31/2025,NEXUS Co-I,Nexus Growth Co-Investment Fund,MC-Co-M-1,Third Party,Private Equity - MF,81826872,0,82176872,0,101731138
3/31/2026,NEXUS Co-I,Nexus Growth Co-Investment Fund,MC-Co-M-1,MC,Private Equity - MF,125734858.5,0,126272667.1,0,156319677.7
3/31/2026,NEXUS Co-I,Nexus Growth Co-Investment Fund,MC-Co-M-1,Solutions,Private Equity - MF,50000000,0,50250000,0,62198560.1
3/31/2026,NEXUS Co-I,Nexus Growth Co-Investment Fund,MC-Co-M-1,Third Party,Private Equity - MF,81826872,0,82176872,0,101731138
12/31/2024,EVOLVE Co-I,Evolve Capital Co-Investment Fund,MC-Co-O-1,MC,Private Equity - MF,122800000,0,123800000,0,161860456
3/31/2025,EVOLVE Co-I,Evolve Capital Co-Investment Fund,MC-Co-O-1,MC,Private Equity - MF,122800000,0,123800000,0,153315988.4
6/30/2025,EVOLVE Co-I,Evolve Capital Co-Investment Fund,MC-Co-O-1,MC,Private Equity - MF,122800000,0,123800000,0,155683109.5
9/30/2025,EVOLVE Co-I,Evolve Capital Co-Investment Fund,MC-Co-O-1,MC,Private Equity - MF,122800000,0,123800000,0,149511483.4
12/31/2025,EVOLVE Co-I,Evolve Capital Co-Investment Fund,MC-Co-O-1,MC,Private Equity - MF,122800000,0,123800000,0,160990108.9
3/31/2026,EVOLVE Co-I,Evolve Capital Co-Investment Fund,MC-Co-O-1,MC,Private Equity - MF,122800000,0,123800000,0,160990108.9
12/31/2024,ORION Co-I,Orion Capital Co-Investment Fund (Agribusiness),MC-Co-P-1,Carried Interest,Private Equity - MF,0,0,0,0,4327604.8
12/31/2024,ORION Co-I,Orion Capital Co-Investment Fund (Agribusiness),MC-Co-P-1,MC,Private Equity - MF,0,0,0,0,0
12/31/2024,ORION Co-I,Orion Capital Co-Investment Fund (Agribusiness),MC-Co-P-1,Solutions,Private Equity - MF,9459975.22,0,9702626.38,922758.2,12983785.88
12/31/2024,ORION Co-I,Orion Capital Co-Investment Fund (Agribusiness),MC-Co-P-1,Third Party,Private Equity - MF,212540024.8,0,217702122.6,20731877.22,289719841.6
3/31/2025,ORION Co-I,Orion Capital Co-Investment Fund (Agribusiness),MC-Co-P-1,Carried Interest,Private Equity - MF,0,0,0,0,4290415.8
3/31/2025,ORION Co-I,Orion Capital Co-Investment Fund (Agribusiness),MC-Co-P-1,MC,Private Equity - MF,0,0,0,0,0
3/31/2025,ORION Co-I,Orion Capital Co-Investment Fund (Agribusiness),MC-Co-P-1,Solutions,Private Equity - MF,9459975.22,0,9702626.38,922758.2,13489641.32
3/31/2025,ORION Co-I,Orion Capital Co-Investment Fund (Agribusiness),MC-Co-P-1,Third Party,Private Equity - MF,212540024.8,0,217702122.6,20731877.22,301125613
6/30/2025,ORION Co-I,Orion Capital Co-Investment Fund (Agribusiness),MC-Co-P-1,Carried Interest,Private Equity - MF,0,0,0,0,4733247.34
6/30/2025,ORION Co-I,Orion Capital Co-Investment Fund (Agribusiness),MC-Co-P-1,MC,Private Equity - MF,0,0,0,0,0
6/30/2025,ORION Co-I,Orion Capital Co-Investment Fund (Agribusiness),MC-Co-P-1,Solutions,Private Equity - MF,9459975.22,0,9702626.38,922758.2,16095561.16
6/30/2025,ORION Co-I,Orion Capital Co-Investment Fund (Agribusiness),MC-Co-P-1,Third Party,Private Equity - MF,212540024.8,0,217702122.6,20731877.22,359232766
9/30/2025,ORION Co-I,Orion Capital Co-Investment Fund (Agribusiness),MC-Co-P-1,Carried Interest,Private Equity - MF,0,0,0,0,7234935.8
9/30/2025,ORION Co-I,Orion Capital Co-Investment Fund (Agribusiness),MC-Co-P-1,MC,Private Equity - MF,0,0,0,0,0
9/30/2025,ORION Co-I,Orion Capital Co-Investment Fund (Agribusiness),MC-Co-P-1,Solutions,Private Equity - MF,9459975.22,0,9735513.28,1145831.64,16185613.2
9/30/2025,ORION Co-I,Orion Capital Co-Investment Fund (Agribusiness),MC-Co-P-1,Third Party,Private Equity - MF,212540024.8,0,218394082.8,25743733.1,358716960.4
12/31/2025,ORION Co-I,Orion Capital Co-Investment Fund (Agribusiness),MC-Co-P-1,Carried Interest,Private Equity - MF,0,0,0,0,7298806.34
12/31/2025,ORION Co-I,Orion Capital Co-Investment Fund (Agribusiness),MC-Co-P-1,MC,Private Equity - MF,0,0,0,0,0
12/31/2025,ORION Co-I,Orion Capital Co-Investment Fund (Agribusiness),MC-Co-P-1,Solutions,Private Equity - MF,9459975.22,0,9735513.28,1145831.64,16789648.34
12/31/2025,ORION Co-I,Orion Capital Co-Investment Fund (Agribusiness),MC-Co-P-1,Third Party,Private Equity - MF,212540024.8,0,218394082.8,25743733.1,373585540.6
3/31/2026,ORION Co-I,Orion Capital Co-Investment Fund (Agribusiness),MC-Co-P-1,Carried Interest,Private Equity - MF,0,0,0,0,7298806.34
3/31/2026,ORION Co-I,Orion Capital Co-Investment Fund (Agribusiness),MC-Co-P-1,MC,Private Equity - MF,0,0,0,0,0
3/31/2026,ORION Co-I,Orion Capital Co-Investment Fund (Agribusiness),MC-Co-P-1,Solutions,Private Equity - MF,9459975.22,0,9735513.28,1145831.64,16789648.34
3/31/2026,ORION Co-I,Orion Capital Co-Investment Fund (Agribusiness),MC-Co-P-1,Third Party,Private Equity - MF,212540024.8,0,218394082.8,25743733.1,373585540.6
12/31/2024,ATLAS Co-I,Atlas Infrastructure Co-Investment Fund,MC-Co-P-2,MC,Private Equity - MF,859999996,0,862899996,0,892844
12/31/2024,ATLAS Co-I,Atlas Infrastructure Co-Investment Fund,MC-Co-P-2,MIC,Private Equity - MF,1300000000,0,1302000000,0,241044
3/31/2025,ATLAS Co-I,Atlas Infrastructure Co-Investment Fund,MC-Co-P-2,MC,Private Equity - MF,859999996,0,862899996,0,295857.4
3/31/2025,ATLAS Co-I,Atlas Infrastructure Co-Investment Fund,MC-Co-P-2,MIC,Private Equity - MF,1300000000,0,1302000000,0,87652
6/30/2025,ATLAS Co-I,Atlas Infrastructure Co-Investment Fund,MC-Co-P-2,MC,Private Equity - MF,859999996,0,863699996,0,447034.2
6/30/2025,ATLAS Co-I,Atlas Infrastructure Co-Investment Fund,MC-Co-P-2,MIC,Private Equity - MF,1300000000,0,1302000000,0,58868.08
9/30/2025,ATLAS Co-I,Atlas Infrastructure Co-Investment Fund,MC-Co-P-2,MC,Private Equity - MF,859999996,0,864899996,0,1622653.16
9/30/2025,ATLAS Co-I,Atlas Infrastructure Co-Investment Fund,MC-Co-P-2,MIC,Private Equity - MF,1300000000,0,1302000000,0,58868.08
12/31/2025,ATLAS Co-I,Atlas Infrastructure Co-Investment Fund,MC-Co-P-2,MC,Private Equity - MF,859999996,0,864899996,0,1572956
12/31/2025,ATLAS Co-I,Atlas Infrastructure Co-Investment Fund,MC-Co-P-2,MIC,Private Equity - MF,1300000000,0,1302000000,0,58868.08
3/31/2026,ATLAS Co-I,Atlas Infrastructure Co-Investment Fund,MC-Co-P-2,MC,Private Equity - MF,859999996,0,864899996,0,1572956
3/31/2026,ATLAS Co-I,Atlas Infrastructure Co-Investment Fund,MC-Co-P-2,MIC,Private Equity - MF,1300000000,0,1302000000,0,58868.08
12/31/2024,EDUCORE,EduCore Growth Holdings Fund,MC-Co-W-1,MC,Private Equity - MF,112665635.7,0,112831249.2,0,190923997.3
12/31/2024,EDUCORE,EduCore Growth Holdings Fund,MC-Co-W-1,Solutions,Private Equity - MF,100000000,0,100146995.6,0,169460719.9
12/31/2024,EDUCORE,EduCore Growth Holdings Fund,MC-Co-W-1,Third Party,Private Equity - MF,75015135.46,0,75125404.38,0,127121188.6
3/31/2025,EDUCORE,EduCore Growth Holdings Fund,MC-Co-W-1,MC,Private Equity - MF,112665635.7,0,112831249.2,0,206417220.6
3/31/2025,EDUCORE,EduCore Growth Holdings Fund,MC-Co-W-1,Solutions,Private Equity - MF,100000000,0,100146995.6,0,183212227.7
3/31/2025,EDUCORE,EduCore Growth Holdings Fund,MC-Co-W-1,Third Party,Private Equity - MF,75015135.46,0,75125404.38,0,137436900.7
6/30/2025,EDUCORE,EduCore Growth Holdings Fund,MC-Co-W-1,MC,Private Equity - MF,112665635.7,0,112831249.2,0,231206383.4
6/30/2025,EDUCORE,EduCore Growth Holdings Fund,MC-Co-W-1,Solutions,Private Equity - MF,100000000,0,100146995.6,0,205214644.4
6/30/2025,EDUCORE,EduCore Growth Holdings Fund,MC-Co-W-1,Third Party,Private Equity - MF,75015135.46,0,75125404.38,0,153942043.4
9/30/2025,EDUCORE,EduCore Growth Holdings Fund,MC-Co-W-1,MC,Private Equity - MF,112665635.7,0,112831249.2,0,231227334.4
9/30/2025,EDUCORE,EduCore Growth Holdings Fund,MC-Co-W-1,Solutions,Private Equity - MF,100000000,0,100146995.6,0,205233240.4
9/30/2025,EDUCORE,EduCore Growth Holdings Fund,MC-Co-W-1,Third Party,Private Equity - MF,75015135.46,0,75125404.38,0,153955993
12/31/2025,EDUCORE,EduCore Growth Holdings Fund,MC-Co-W-1,MC,Private Equity - MF,112665635.7,0,112831249.2,0,232537308.6
12/31/2025,EDUCORE,EduCore Growth Holdings Fund,MC-Co-W-1,Solutions,Private Equity - MF,100000000,0,100146995.6,0,206395950
12/31/2025,EDUCORE,EduCore Growth Holdings Fund,MC-Co-W-1,Third Party,Private Equity - MF,75015135.46,0,75125404.38,0,154828201.2
3/31/2026,EDUCORE,EduCore Growth Holdings Fund,MC-Co-W-1,MC,Private Equity - MF,112665635.7,0,112831249.2,0,232537308.6
3/31/2026,EDUCORE,EduCore Growth Holdings Fund,MC-Co-W-1,Solutions,Private Equity - MF,100000000,0,100146995.6,0,206395950
3/31/2026,EDUCORE,EduCore Growth Holdings Fund,MC-Co-W-1,Third Party,Private Equity - MF,75015135.46,0,75125404.38,0,154828201.2
12/31/2024,ARC I,Arcadia Capital Partners Fund I,MC-PE-1,Carried Interest,Private Equity - MF,0,0,0,375489554.2,125706583.3
12/31/2024,ARC I,Arcadia Capital Partners Fund I,MC-PE-1,MC,Private Equity - MF,0,0,0,0,0
12/31/2024,ARC I,Arcadia Capital Partners Fund I,MC-PE-1,Solutions,Private Equity - MF,1901894740,1783547.22,1978945017,3277332202,247644489.4
12/31/2024,ARC I,Arcadia Capital Partners Fund I,MC-PE-1,Third Party,Private Equity - MF,3201229440,3999982.5,3342930638,4816855948,689459227
3/31/2025,ARC I,Arcadia Capital Partners Fund I,MC-PE-1,Carried Interest,Private Equity - MF,0,0,0,414516074.8,77446339.54
3/31/2025,ARC I,Arcadia Capital Partners Fund I,MC-PE-1,MC,Private Equity - MF,0,0,0,0,0
3/31/2025,ARC I,Arcadia Capital Partners Fund I,MC-PE-1,Solutions,Private Equity - MF,1901894740,1253381.16,1981428170,3353442126,154699725.7
3/31/2025,ARC I,Arcadia Capital Partners Fund I,MC-PE-1,Third Party,Private Equity - MF,3201229440,2472234.34,3349058170,5049268810,404675311
6/30/2025,ARC I,Arcadia Capital Partners Fund I,MC-PE-1,Carried Interest,Private Equity - MF,0,0,0,414516074.8,78753212.86
6/30/2025,ARC I,Arcadia Capital Partners Fund I,MC-PE-1,MC,Private Equity - MF,0,0,0,0,0
6/30/2025,ARC I,Arcadia Capital Partners Fund I,MC-PE-1,Solutions,Private Equity - MF,1901894740,1253381.16,1981428170,3353442126,158547837.9
6/30/2025,ARC I,Arcadia Capital Partners Fund I,MC-PE-1,Third Party,Private Equity - MF,3201229440,2472234.34,3349058170,5049268810,410632923.6
9/30/2025,ARC I,Arcadia Capital Partners Fund I,MC-PE-1,Carried Interest,Private Equity - MF,0,0,0,418722208.8,83252746.28
9/30/2025,ARC I,Arcadia Capital Partners Fund I,MC-PE-1,MC,Private Equity - MF,0,0,0,0,0
9/30/2025,ARC I,Arcadia Capital Partners Fund I,MC-PE-1,Solutions,Private Equity - MF,1901894740,1223676.02,1982077374,3371333250,176167313.1
9/30/2025,ARC I,Arcadia Capital Partners Fund I,MC-PE-1,Third Party,Private Equity - MF,3201229440,2445868.88,3350411176,5102999504,403093057.8
12/31/2025,ARC I,Arcadia Capital Partners Fund I,MC-PE-1,Carried Interest,Private Equity - MF,0,0,0,439564672.8,49950307.48
12/31/2025,ARC I,Arcadia Capital Partners Fund I,MC-PE-1,MC,Private Equity - MF,0,0,0,0,0
12/31/2025,ARC I,Arcadia Capital Partners Fund I,MC-PE-1,Solutions,Private Equity - MF,1901894740,1223676.02,1982077374,3421328946,98827961.12
12/31/2025,ARC I,Arcadia Capital Partners Fund I,MC-PE-1,Third Party,Private Equity - MF,3201229440,2445868.88,3350411176,5231162174,187584493.1
3/31/2026,ARC I,Arcadia Capital Partners Fund I,MC-PE-1,Carried Interest,Private Equity - MF,0,0,0,439564672.8,49950307.48
3/31/2026,ARC I,Arcadia Capital Partners Fund I,MC-PE-1,MC,Private Equity - MF,0,0,0,0,0
3/31/2026,ARC I,Arcadia Capital Partners Fund I,MC-PE-1,Solutions,Private Equity - MF,1901894740,1223676.02,1982077374,3421328946,98827961.12
3/31/2026,ARC I,Arcadia Capital Partners Fund I,MC-PE-1,Third Party,Private Equity - MF,3201229440,2445868.88,3350411176,5231162174,187584493.1
12/31/2024,HELIOS I-A,Helios Private Equity Fund I-A,MC-PE-1a,MC,Private Equity - MF,0,0,0,0.96,0
12/31/2024,HELIOS I-A,Helios Private Equity Fund I-A,MC-PE-1a,Third Party,Private Equity - MF,1551648783,81335065.56,1508463882,1689863372,550280991.4
3/31/2025,HELIOS I-A,Helios Private Equity Fund I-A,MC-PE-1a,MC,Private Equity - MF,0,0,0,0.96,0
3/31/2025,HELIOS I-A,Helios Private Equity Fund I-A,MC-PE-1a,Third Party,Private Equity - MF,1551648783,81335065.56,1508463882,1689863372,558334761.8
6/30/2025,HELIOS I-A,Helios Private Equity Fund I-A,MC-PE-1a,MC,Private Equity - MF,0,0,0,0.96,0
6/30/2025,HELIOS I-A,Helios Private Equity Fund I-A,MC-PE-1a,Third Party,Private Equity - MF,1551648783,80705697.52,1509093250,1712533820,535281767.4
9/30/2025,HELIOS I-A,Helios Private Equity Fund I-A,MC-PE-1a,MC,Private Equity - MF,0,0,0,0.96,0
9/30/2025,HELIOS I-A,Helios Private Equity Fund I-A,MC-PE-1a,Third Party,Private Equity - MF,1551648783,75001949.54,1514796998,1763890060,570331637.2
12/31/2025,HELIOS I-A,Helios Private Equity Fund I-A,MC-PE-1a,MC,Private Equity - MF,0,0,0,0.96,0
12/31/2025,HELIOS I-A,Helios Private Equity Fund I-A,MC-PE-1a,Third Party,Private Equity - MF,1551648783,74189665.7,1516609282,1894817628,445442829.2
3/31/2026,HELIOS I-A,Helios Private Equity Fund I-A,MC-PE-1a,MC,Private Equity - MF,0,0,0,0.96,0
3/31/2026,HELIOS I-A,Helios Private Equity Fund I-A,MC-PE-1a,Third Party,Private Equity - MF,1551648783,73285226.76,1517513721,1922851536,418313360
12/31/2024,ARC II,Arcadia Capital Partners Fund II,MC-PE-2,MC,Private Equity - MF,7284380.92,209690.76,7537789.1,5479837.1,4355416.02
12/31/2024,ARC II,Arcadia Capital Partners Fund II,MC-PE-2,Solutions,Private Equity - MF,700000279.2,20138818.98,723839434.4,525466271.8,418248219
12/31/2024,ARC II,Arcadia Capital Partners Fund II,MC-PE-2,Third Party,Private Equity - MF,1294715742,37248829.76,1336838267,972162588.4,777076584.8
3/31/2025,ARC II,Arcadia Capital Partners Fund II,MC-PE-2,MC,Private Equity - MF,7284380.92,209690.76,7537789.1,5479837.1,4228813.3
3/31/2025,ARC II,Arcadia Capital Partners Fund II,MC-PE-2,Solutions,Private Equity - MF,700000279.2,20138818.98,723839434.4,525466271.8,406089217.2
3/31/2025,ARC II,Arcadia Capital Partners Fund II,MC-PE-2,Third Party,Private Equity - MF,1294715742,37248829.76,1336838267,972162588.4,754528748.8
6/30/2025,ARC II,Arcadia Capital Partners Fund II,MC-PE-2,MC,Private Equity - MF,7284380.92,209690.76,7537789.1,5479837.1,4292024.6
6/30/2025,ARC II,Arcadia Capital Partners Fund II,MC-PE-2,Solutions,Private Equity - MF,700000279.2,20138818.98,723839434.4,525466271.8,412160071.6
6/30/2025,ARC II,Arcadia Capital Partners Fund II,MC-PE-2,Third Party,Private Equity - MF,1294715742,37248829.76,1336838267,972162588.4,765750827.2
9/30/2025,ARC II,Arcadia Capital Partners Fund II,MC-PE-2,MC,Private Equity - MF,7284380.92,170005.92,7610726.02,5773085.78,4131205.58
9/30/2025,ARC II,Arcadia Capital Partners Fund II,MC-PE-2,Solutions,Private Equity - MF,700000279.2,16327463.9,730844337.2,553630047,396714916.2
9/30/2025,ARC II,Arcadia Capital Partners Fund II,MC-PE-2,Third Party,Private Equity - MF,1294715742,30199372.34,1349686325,1024254123,737885524.6
12/31/2025,ARC II,Arcadia Capital Partners Fund II,MC-PE-2,MC,Private Equity - MF,7284380.92,170005.92,7610726.02,5773085.78,4343304.6
12/31/2025,ARC II,Arcadia Capital Partners Fund II,MC-PE-2,Solutions,Private Equity - MF,700000279.2,16327463.9,730844337.2,553630047,417085033.6
12/31/2025,ARC II,Arcadia Capital Partners Fund II,MC-PE-2,Third Party,Private Equity - MF,1294715742,30199372.34,1349686325,1024254123,773336658.4
3/31/2026,ARC II,Arcadia Capital Partners Fund II,MC-PE-2,MC,Private Equity - MF,7284380.92,110583.86,7678692.72,6262807.52,3913004.92
3/31/2026,ARC II,Arcadia Capital Partners Fund II,MC-PE-2,Solutions,Private Equity - MF,700000279.2,10620534.86,737371899,600663207.2,375758802.4
3/31/2026,ARC II,Arcadia Capital Partners Fund II,MC-PE-2,Third Party,Private Equity - MF,1294715742,19643873.74,1361731866,1111246348,696438589.2
12/31/2024,NOVA III,Nova Strategic Capital Fund III (Offshore),MC-PE-3,Carried Interest,Private Equity - MF,0,0,0,0,0
12/31/2024,NOVA III,Nova Strategic Capital Fund III (Offshore),MC-PE-3,MC,Private Equity - MF,7660685.44,520200.6,7745513.78,3025205.44,7215593.52
12/31/2024,NOVA III,Nova Strategic Capital Fund III (Offshore),MC-PE-3,Solutions,Private Equity - MF,700000000,47533443,718273693.6,265348344.8,657074165.6
12/31/2024,NOVA III,Nova Strategic Capital Fund III (Offshore),MC-PE-3,Third Party,Private Equity - MF,2554317168,173403446.2,2615445910,984270668.8,2431608976
3/31/2025,NOVA III,Nova Strategic Capital Fund III (Offshore),MC-PE-3,Carried Interest,Private Equity - MF,0,0,0,0,0
3/31/2025,NOVA III,Nova Strategic Capital Fund III (Offshore),MC-PE-3,MC,Private Equity - MF,7660685.44,520200.6,7791542.1,3056294.74,7409458.2
3/31/2025,NOVA III,Nova Strategic Capital Fund III (Offshore),MC-PE-3,Solutions,Private Equity - MF,700000000,47533443,722479560.6,268189147,674688736.4
3/31/2025,NOVA III,Nova Strategic Capital Fund III (Offshore),MC-PE-3,Third Party,Private Equity - MF,2554317168,173403446.2,2630541512,994636825.4,2496046330
6/30/2025,NOVA III,Nova Strategic Capital Fund III (Offshore),MC-PE-3,Carried Interest,Private Equity - MF,0,0,0,0,1967200.3
6/30/2025,NOVA III,Nova Strategic Capital Fund III (Offshore),MC-PE-3,MC,Private Equity - MF,7660685.44,520200.6,7815649.14,3056294.74,7927025.38
6/30/2025,NOVA III,Nova Strategic Capital Fund III (Offshore),MC-PE-3,Solutions,Private Equity - MF,700000000,47533443,724682356.4,268189147,721878032.4
6/30/2025,NOVA III,Nova Strategic Capital Fund III (Offshore),MC-PE-3,Third Party,Private Equity - MF,2554317168,173403446.2,2638414986,994636825.4,2670603716
9/30/2025,NOVA III,Nova Strategic Capital Fund III (Offshore),MC-PE-3,Carried Interest,Private Equity - MF,0,0,0,0,0
9/30/2025,NOVA III,Nova Strategic Capital Fund III (Offshore),MC-PE-3,MC,Private Equity - MF,7660685.44,520200.6,7846888.3,3478126.42,7565208.72
9/30/2025,NOVA III,Nova Strategic Capital Fund III (Offshore),MC-PE-3,Solutions,Private Equity - MF,700000000,47533443,727872853.6,306734285.4,689108464
9/30/2025,NOVA III,Nova Strategic Capital Fund III (Offshore),MC-PE-3,Third Party,Private Equity - MF,2554317168,173403446.2,2648694416,1135288980,2561598918
12/31/2025,NOVA III,Nova Strategic Capital Fund III (Offshore),MC-PE-3,Carried Interest,Private Equity - MF,0,0,0,0,0
12/31/2025,NOVA III,Nova Strategic Capital Fund III (Offshore),MC-PE-3,MC,Private Equity - MF,7660685.44,520200.6,7866722.12,3478126.42,7733342.66
12/31/2025,NOVA III,Nova Strategic Capital Fund III (Offshore),MC-PE-3,Solutions,Private Equity - MF,700000000,47533443,729685180.6,306734285.4,704471828.4
12/31/2025,NOVA III,Nova Strategic Capital Fund III (Offshore),MC-PE-3,Third Party,Private Equity - MF,2554317168,173403446.2,2655188270,1135288980,2612869482
3/31/2026,NOVA III,Nova Strategic Capital Fund III (Offshore),MC-PE-3,Carried Interest,Private Equity - MF,0,0,0,0,0
3/31/2026,NOVA III,Nova Strategic Capital Fund III (Offshore),MC-PE-3,MC,Private Equity - MF,7660685.44,520200.6,7890859.16,3478126.42,7733342.66
3/31/2026,NOVA III,Nova Strategic Capital Fund III (Offshore),MC-PE-3,Solutions,Private Equity - MF,700000000,47533443,731890717.8,306734285.4,704471828.4
3/31/2026,NOVA III,Nova Strategic Capital Fund III (Offshore),MC-PE-3,Third Party,Private Equity - MF,2554317168,173403446.2,2663103608,1135288980,2612869482
12/31/2024,HELIOS IV,Helios Private Equity Fund IV,MC-PE-4,Carried Interest,Private Equity - MF,0,0,0,0,50464142.32
12/31/2024,HELIOS IV,Helios Private Equity Fund IV,MC-PE-4,MC,Private Equity - MF,66000000,36776816.58,29265474.62,42291.2,34010593.96
12/31/2024,HELIOS IV,Helios Private Equity Fund IV,MC-PE-4,Solutions,Private Equity - MF,800000000,445779594.8,354733025.8,512620.56,412249639.8
12/31/2024,HELIOS IV,Helios Private Equity Fund IV,MC-PE-4,Third Party,Private Equity - MF,5025853164,2801822824,2227250786,3583121.76,2596829412
3/31/2025,HELIOS IV,Helios Private Equity Fund IV,MC-PE-4,Carried Interest,Private Equity - MF,0,0,0,0,34608352.12
3/31/2025,HELIOS IV,Helios Private Equity Fund IV,MC-PE-4,MC,Private Equity - MF,66000000,31347135.2,34987300.9,334436.1,39157570.52
3/31/2025,HELIOS IV,Helios Private Equity Fund IV,MC-PE-4,Solutions,Private Equity - MF,800000000,379965274.8,424088495.8,4053770.74,474637232.8
3/31/2025,HELIOS IV,Helios Private Equity Fund IV,MC-PE-4,Third Party,Private Equity - MF,5025853164,2388404310,2662915926,25829747.82,2988725780
6/30/2025,HELIOS IV,Helios Private Equity Fund IV,MC-PE-4,Carried Interest,Private Equity - MF,0,0,0,0,20957152
6/30/2025,HELIOS IV,Helios Private Equity Fund IV,MC-PE-4,MC,Private Equity - MF,66000000,31100313.28,35234122.82,334436.1,39981206.9
6/30/2025,HELIOS IV,Helios Private Equity Fund IV,MC-PE-4,Solutions,Private Equity - MF,800000000,376973494,427080276.8,4053770.74,484620704.4
6/30/2025,HELIOS IV,Helios Private Equity Fund IV,MC-PE-4,Third Party,Private Equity - MF,5025853164,2369758510,2681561726,25829747.82,3051264702
9/30/2025,HELIOS IV,Helios Private Equity Fund IV,MC-PE-4,Carried Interest,Private Equity - MF,0,0,0,0,25252966.54
9/30/2025,HELIOS IV,Helios Private Equity Fund IV,MC-PE-4,MC,Private Equity - MF,66000000,20801854.06,45902059.4,703913.46,51185469.94
9/30/2025,HELIOS IV,Helios Private Equity Fund IV,MC-PE-4,Solutions,Private Equity - MF,800000000,252143685.4,556388599,8532284.2,620429953.8
9/30/2025,HELIOS IV,Helios Private Equity Fund IV,MC-PE-4,Third Party,Private Equity - MF,5025853164,1585689306,3493766368,53965186.68,3904586316
12/31/2025,HELIOS IV,Helios Private Equity Fund IV,MC-PE-4,Carried Interest,Private Equity - MF,0,0,0,0,44904013.38
12/31/2025,HELIOS IV,Helios Private Equity Fund IV,MC-PE-4,MC,Private Equity - MF,66000000,16946797.7,49803404.76,750202.46,61386400.28
12/31/2025,HELIOS IV,Helios Private Equity Fund IV,MC-PE-4,Solutions,Private Equity - MF,800000000,205415729.4,603677633.8,9093363.06,744077594.2
12/31/2025,HELIOS IV,Helios Private Equity Fund IV,MC-PE-4,Third Party,Private Equity - MF,5025853164,1292280656,3790699892,57490061.6,4683402890
3/31/2026,HELIOS IV,Helios Private Equity Fund IV,MC-PE-4,Carried Interest,Private Equity - MF,0,0,0,0,44904013.38
3/31/2026,HELIOS IV,Helios Private Equity Fund IV,MC-PE-4,MC,Private Equity - MF,66000000,15886400.92,50863801.54,750202.46,62095281.26
3/31/2026,HELIOS IV,Helios Private Equity Fund IV,MC-PE-4,Solutions,Private Equity - MF,800000000,192562435,616530928,9093363.06,752670091
3/31/2026,HELIOS IV,Helios Private Equity Fund IV,MC-PE-4,Third Party,Private Equity - MF,5025853164,1211680065,3871300484,57490061.6,4737383672
12/31/2024,CRIMSON,Crimson Capital Opportunities Fund,MC-R-1,Carried Interest,Brazil Funds - MF,0,0,0,20075476.44,98564743.68
12/31/2024,CRIMSON,Crimson Capital Opportunities Fund,MC-R-1,MC,Brazil Funds - MF,40000,0,40056.78,1291.74,71199.86
12/31/2024,CRIMSON,Crimson Capital Opportunities Fund,MC-R-1,Third Party,Brazil Funds - MF,1397810000,0,1399794414,407663243,2103137602
3/31/2025,CRIMSON,Crimson Capital Opportunities Fund,MC-R-1,Carried Interest,Brazil Funds - MF,0,0,0,20075476.44,122770882.7
3/31/2025,CRIMSON,Crimson Capital Opportunities Fund,MC-R-1,MC,Brazil Funds - MF,40000,0,40056.78,1291.74,81034.12
3/31/2025,CRIMSON,Crimson Capital Opportunities Fund,MC-R-1,Third Party,Brazil Funds - MF,1397810000,0,1399794414,407663243,2472000666
6/30/2025,CRIMSON,Crimson Capital Opportunities Fund,MC-R-1,Carried Interest,Brazil Funds - MF,0,0,0,20075476.44,128504221.9
6/30/2025,CRIMSON,Crimson Capital Opportunities Fund,MC-R-1,MC,Brazil Funds - MF,40000,0,40056.78,1291.74,81732.84
6/30/2025,CRIMSON,Crimson Capital Opportunities Fund,MC-R-1,Third Party,Brazil Funds - MF,1397810000,0,1399794414,407663243,2480868526
9/30/2025,CRIMSON,Crimson Capital Opportunities Fund,MC-R-1,Carried Interest,Brazil Funds - MF,0,0,0,20075476.44,131853298.2
9/30/2025,CRIMSON,Crimson Capital Opportunities Fund,MC-R-1,MC,Brazil Funds - MF,40000,0,40056.78,1291.74,82548.82
9/30/2025,CRIMSON,Crimson Capital Opportunities Fund,MC-R-1,Third Party,Brazil Funds - MF,1397810000,0,1399794414,407663243,2494329758
12/31/2025,CRIMSON,Crimson Capital Opportunities Fund,MC-R-1,Carried Interest,Brazil Funds - MF,0,0,0,20075476.44,145278423.6
12/31/2025,CRIMSON,Crimson Capital Opportunities Fund,MC-R-1,MC,Brazil Funds - MF,40000,0,40056.78,1291.74,87139.04
12/31/2025,CRIMSON,Crimson Capital Opportunities Fund,MC-R-1,Third Party,Brazil Funds - MF,1397810000,0,1399794414,407663243,2655205866
3/31/2026,CRIMSON,Crimson Capital Opportunities Fund,MC-R-1,Carried Interest,Brazil Funds - MF,0,0,0,20075476.44,145278423.6
3/31/2026,CRIMSON,Crimson Capital Opportunities Fund,MC-R-1,MC,Brazil Funds - MF,40000,0,40056.78,1291.74,87139.04
3/31/2026,CRIMSON,Crimson Capital Opportunities Fund,MC-R-1,Third Party,Brazil Funds - MF,1397810000,0,1399794414,407663243,2655205866
12/31/2024,AURORA I,Aurora Private Equity Fund I,MC-V-1,Carried Interest,Private Equity - MF,0,0,0,0,70580573.72
12/31/2024,AURORA I,Aurora Private Equity Fund I,MC-V-1,Third Party,Private Equity - MF,2567316552,495460142.4,1766290060,128964097.7,2321529248
3/31/2025,AURORA I,Aurora Private Equity Fund I,MC-V-1,Carried Interest,Private Equity - MF,0,0,0,0,72545871.48
3/31/2025,AURORA I,Aurora Private Equity Fund I,MC-V-1,Third Party,Private Equity - MF,2567316552,495460142.4,1766290060,128964097.7,2335683716
6/30/2025,AURORA I,Aurora Private Equity Fund I,MC-V-1,Carried Interest,Private Equity - MF,0,0,0,0,81236871.14
6/30/2025,AURORA I,Aurora Private Equity Fund I,MC-V-1,Third Party,Private Equity - MF,2567316552,495460142.4,1778496879,128964097.7,2433359262
9/30/2025,AURORA I,Aurora Private Equity Fund I,MC-V-1,Carried Interest,Private Equity - MF,0,0,0,0,81933760.2
9/30/2025,AURORA I,Aurora Private Equity Fund I,MC-V-1,Third Party,Private Equity - MF,2567316552,495460142.4,1784611813,128964097.7,2464135054
12/31/2025,AURORA I,Aurora Private Equity Fund I,MC-V-1,Carried Interest,Private Equity - MF,0,0,0,0,82865312.14
12/31/2025,AURORA I,Aurora Private Equity Fund I,MC-V-1,Third Party,Private Equity - MF,2567316552,495460142.4,1790709751,128964097.7,2467585548
3/31/2026,AURORA I,Aurora Private Equity Fund I,MC-V-1,Carried Interest,Private Equity - MF,0,0,0,0,82865312.14
3/31/2026,AURORA I,Aurora Private Equity Fund I,MC-V-1,Third Party,Private Equity - MF,2567316552,495460142.4,1816187455,128964097.7,2467585548
12/31/2024,AURORA II,Aurora Private Equity Fund II,MC-V-2,Carried Interest,Private Equity - MF,0,0,0,0,2712633.4
12/31/2024,AURORA II,Aurora Private Equity Fund II,MC-V-2,Third Party,Private Equity - MF,291200000,3468592.54,296698127.2,42136184.24,344113854.6
3/31/2025,AURORA II,Aurora Private Equity Fund II,MC-V-2,Carried Interest,Private Equity - MF,0,0,0,0,2793613
3/31/2025,AURORA II,Aurora Private Equity Fund II,MC-V-2,Third Party,Private Equity - MF,291200000,3468592.54,296698127.2,42136184.24,343406598
6/30/2025,AURORA II,Aurora Private Equity Fund II,MC-V-2,Carried Interest,Private Equity - MF,0,0,0,0,3230479.64
6/30/2025,AURORA II,Aurora Private Equity Fund II,MC-V-2,Third Party,Private Equity - MF,291200000,3035898.54,299807617.2,54434644.38,344257661.4
9/30/2025,AURORA II,Aurora Private Equity Fund II,MC-V-2,Carried Interest,Private Equity - MF,0,0,0,0,3425161.04
9/30/2025,AURORA II,Aurora Private Equity Fund II,MC-V-2,Third Party,Private Equity - MF,291200000,1949398.84,300900847,64995159.5,347346269.4
12/31/2025,AURORA II,Aurora Private Equity Fund II,MC-V-2,Carried Interest,Private Equity - MF,0,0,0,0,3511188.24
12/31/2025,AURORA II,Aurora Private Equity Fund II,MC-V-2,Third Party,Private Equity - MF,291200000,1949398.84,300900847,64995159.5,350458015.8
3/31/2026,AURORA II,Aurora Private Equity Fund II,MC-V-2,Carried Interest,Private Equity - MF,0,0,0,0,3511188.24
3/31/2026,AURORA II,Aurora Private Equity Fund II,MC-V-2,Third Party,Private Equity - MF,291200000,1949398.84,300900847,64995159.5,350458015.8
